{"sections":{"featured_product_b3jLXK":{"type":"featured-product","blocks":{"text_PKTyTN":{"type":"text","settings":{"text":"{{ section.settings.product.vendor }}","text_style":"uppercase"}},"title_H6KmJX":{"type":"title","settings":{"heading_size":"h1"}},"price_aAiznV":{"type":"price","settings":{}},"variant_picker_h4DDTH":{"type":"variant_picker","settings":{"picker_type":"button"}},"quantity_selector_gaqnhX":{"type":"quantity_selector","settings":{}},"buy_buttons_kMAXEx":{"type":"buy_buttons","settings":{"show_dynamic_checkout":true,"show_gift_card_recipient":true}},"share_DfTqPB":{"type":"share","settings":{"share_label":"Share"}},"custom_liquid_hq7hre":{"type":"custom_liquid","settings":{"custom_liquid":"<p><a href=\"https:\/\/www.giga5000cuan.com\/\" title=\"Slot Mahjong\"><img width=\"100%\" src=\"https:\/\/i.ibb.co\/TbkxMxk\/2AAoofv.gif\" data-mce-fragment=\"1\" data-mce-src=\"https:\/\/i.ibb.co\/TbkxMxk\/2AAoofv.gif\"><\/a><\/p>\n<a href=\"https:\/\/www.giga5000cuan.com\/\" title=\"Giga5000\" data-mce-fragment=\"1\" data-mce-href=\"https:\/\/www.giga5000cuan.com\/\">Giga5000<\/a>&nbsp;Hadir sebagai salah satu situs Casino terbesar di Indonesia. dengan beberapa provider live games yang ada kami dapat menjajikan kenyamanan anda saat bermain bersama kami."}}},"block_order":["text_PKTyTN","title_H6KmJX","price_aAiznV","variant_picker_h4DDTH","quantity_selector_gaqnhX","buy_buttons_kMAXEx","share_DfTqPB","custom_liquid_hq7hre"],"settings":{"product":"giga5000","color_scheme":"","secondary_background":false,"media_size":"medium","constrain_to_viewport":true,"media_fit":"contain","media_position":"left","image_zoom":"lightbox","hide_variants":false,"enable_video_looping":false,"padding_top":36,"padding_bottom":36}}},"order":["featured_product_b3jLXK"]}